<?xml version="1.0" encoding="UTF-8"?>
<root>
  <STATION>
    <NAME>ACACIA RIDGE</NAME>
    <LONG>153.0385326</LONG>
    <LAT>-27.58115886</LAT>
  </STATION>
  <STATION>
    <NAME>AIRLIE BEACH</NAME>
    <LONG>148.7274619</LONG>
    <LAT>-20.27804421</LAT>
  </STATION>
  <STATION>
    <NAME>ALLORA</NAME>
    <LONG>151.984646</LONG>
    <LAT>-28.03477015</LAT>
  </STATION>
  <STATION>
    <NAME>ALPHA</NAME>
    <LONG>146.6332709</LONG>
    <LAT>-23.64926834</LAT>
  </STATION>
  <STATION>
    <NAME>AMITY POINT</NAME>
    <LONG>153.4422231</LONG>
    <LAT>-27.3984497</LAT>
  </STATION>
  <STATION>
    <NAME>ANNERLEY</NAME>
    <LONG>153.0347521</LONG>
    <LAT>-27.50439112</LAT>
  </STATION>
  <STATION>
    <NAME>ARAMAC</NAME>
    <LONG>145.2403421</LONG>
    <LAT>-22.97166083</LAT>
  </STATION>
  <STATION>
    <NAME>ARANA HILLS</NAME>
    <LONG>152.9625168</LONG>
    <LAT>-27.38969775</LAT>
  </STATION>
  <STATION>
    <NAME>ASHGROVE</NAME>
    <LONG>152.9760243</LONG>
    <LAT>-27.44789239</LAT>
  </STATION>
  <STATION>
    <NAME>ATHERTON</NAME>
    <LONG>145.4777349</LONG>
    <LAT>-17.26752095</LAT>
  </STATION>
  <STATION>
    <NAME>AUGATHELLA</NAME>
    <LONG>146.5856871</LONG>
    <LAT>-25.79595441</LAT>
  </STATION>
  <STATION>
    <NAME>BABINDA</NAME>
    <LONG>145.9214542</LONG>
    <LAT>-17.34477595</LAT>
  </STATION>
  <STATION>
    <NAME>BARCALDINE</NAME>
    <LONG>145.2910697</LONG>
    <LAT>-23.55338873</LAT>
  </STATION>
  <STATION>
    <NAME>BARGARA</NAME>
    <LONG>152.4587622</LONG>
    <LAT>-24.81347979</LAT>
  </STATION>
  <STATION>
    <NAME>BEENLEIGH</NAME>
    <LONG>153.2019086</LONG>
    <LAT>-27.70333087</LAT>
  </STATION>
  <STATION>
    <NAME>BIGGENDEN</NAME>
    <LONG>152.0465141</LONG>
    <LAT>-25.51208191</LAT>
  </STATION>
  <STATION>
    <NAME>BILINGA</NAME>
    <LONG>153.5101268</LONG>
    <LAT>-28.16039553</LAT>
  </STATION>
  <STATION>
    <NAME>BLACKALL</NAME>
    <LONG>145.4624915</LONG>
    <LAT>-24.42323507</LAT>
  </STATION>
  <STATION>
    <NAME>BLACKBUTT</NAME>
    <LONG>152.1008496</LONG>
    <LAT>-26.88490272</LAT>
  </STATION>
  <STATION>
    <NAME>BLACKWATER</NAME>
    <LONG>148.8784371</LONG>
    <LAT>-23.57864278</LAT>
  </STATION>
  <STATION>
    <NAME>BOLLON</NAME>
    <LONG>147.4765607</LONG>
    <LAT>-28.03171392</LAT>
  </STATION>
  <STATION>
    <NAME>BRAMSTON BEACH</NAME>
    <LONG>146.0248074</LONG>
    <LAT>-17.35623913</LAT>
  </STATION>
  <STATION>
    <NAME>BRASSALL</NAME>
    <LONG>152.7247</LONG>
    <LAT>-27.5851</LAT>
  </STATION>
  <STATION>
    <NAME>BRIBIE ISLAND</NAME>
    <LONG>153.1541271</LONG>
    <LAT>-27.06307369</LAT>
  </STATION>
  <STATION>
    <NAME>BUNDABERG</NAME>
    <LONG>152.357217</LONG>
    <LAT>-24.9013498</LAT>
  </STATION>
  <STATION>
    <NAME>BUNDAMBA</NAME>
    <LONG>152.8144793</LONG>
    <LAT>-27.60744032</LAT>
  </STATION>
  <STATION>
    <NAME>BURLEIGH HEADS</NAME>
    <LONG>153.4432904</LONG>
    <LAT>-28.09950582</LAT>
  </STATION>
  <STATION>
    <NAME>BURNETT HEADS</NAME>
    <LONG>152.4100031</LONG>
    <LAT>-24.7637071</LAT>
  </STATION>
  <STATION>
    <NAME>BURPENGARY</NAME>
    <LONG>152.9769397</LONG>
    <LAT>-27.16963159</LAT>
  </STATION>
  <STATION>
    <NAME>CABOOLTURE</NAME>
    <LONG>152.960892</LONG>
    <LAT>-27.0858964</LAT>
  </STATION>
  <STATION>
    <NAME>CAIRNS</NAME>
    <LONG>145.7504355</LONG>
    <LAT>-16.92844046</LAT>
  </STATION>
  <STATION>
    <NAME>CAIRNS SOUTH</NAME>
    <LONG>145.7352115</LONG>
    <LAT>-17.00350541</LAT>
  </STATION>
  <STATION>
    <NAME>CAMIRA</NAME>
    <LONG>152.9156608</LONG>
    <LAT>-27.61999816</LAT>
  </STATION>
  <STATION>
    <NAME>CAMP HILL</NAME>
    <LONG>153.0785562</LONG>
    <LAT>-27.48806998</LAT>
  </STATION>
  <STATION>
    <NAME>CANNON HILL</NAME>
    <LONG>153.0913217</LONG>
    <LAT>-27.46765772</LAT>
  </STATION>
  <STATION>
    <NAME>CAPALABA</NAME>
    <LONG>153.1895355</LONG>
    <LAT>-27.54266717</LAT>
  </STATION>
  <STATION>
    <NAME>CAPELLA</NAME>
    <LONG>148.0252305</LONG>
    <LAT>-23.08570395</LAT>
  </STATION>
  <STATION>
    <NAME>CARDWELL</NAME>
    <LONG>146.0264209</LONG>
    <LAT>-18.26668613</LAT>
  </STATION>
  <STATION>
    <NAME>CECIL PLAINS</NAME>
    <LONG>151.1901852</LONG>
    <LAT>-27.53176159</LAT>
  </STATION>
  <STATION>
    <NAME>CHARLEVILLE</NAME>
    <LONG>146.2415862</LONG>
    <LAT>-26.40199266</LAT>
  </STATION>
  <STATION>
    <NAME>CHERBOURG</NAME>
    <LONG>151.9567413</LONG>
    <LAT>-26.28907056</LAT>
  </STATION>
  <STATION>
    <NAME>CHERMSIDE</NAME>
    <LONG>153.0235939</LONG>
    <LAT>-27.38516275</LAT>
  </STATION>
  <STATION>
    <NAME>CHILDERS</NAME>
    <LONG>152.2911426</LONG>
    <LAT>-25.2394573</LAT>
  </STATION>
  <STATION>
    <NAME>CHINCHILLA</NAME>
    <LONG>150.6288598</LONG>
    <LAT>-26.74329066</LAT>
  </STATION>
  <STATION>
    <NAME>CLERMONT</NAME>
    <LONG>147.6415289</LONG>
    <LAT>-22.82397065</LAT>
  </STATION>
  <STATION>
    <NAME>CLEVELAND</NAME>
    <LONG>153.2551348</LONG>
    <LAT>-27.52901312</LAT>
  </STATION>
  <STATION>
    <NAME>CLIFTON</NAME>
    <LONG>151.9061752</LONG>
    <LAT>-27.92608216</LAT>
  </STATION>
  <STATION>
    <NAME>COOCHIEMUDLO ISLAND</NAME>
    <LONG>153.3334904</LONG>
    <LAT>-27.56917599</LAT>
  </STATION>
  <STATION>
    <NAME>COOKTOWN</NAME>
    <LONG>145.2514651</LONG>
    <LAT>-15.46824887</LAT>
  </STATION>
  <STATION>
    <NAME>CUNNAMULLA</NAME>
    <LONG>145.6845616</LONG>
    <LAT>-28.06796539</LAT>
  </STATION>
  <STATION>
    <NAME>DALBY</NAME>
    <LONG>151.2667424</LONG>
    <LAT>-27.17964326</LAT>
  </STATION>
  <STATION>
    <NAME>DAYBORO</NAME>
    <LONG>152.823019</LONG>
    <LAT>-27.19860518</LAT>
  </STATION>
  <STATION>
    <NAME>DECEPTION BAY</NAME>
    <LONG>153.0268065</LONG>
    <LAT>-27.18452766</LAT>
  </STATION>
  <STATION>
    <NAME>DIMBULAH</NAME>
    <LONG>145.1072535</LONG>
    <LAT>-17.1506457</LAT>
  </STATION>
  <STATION>
    <NAME>DIRRANBANDI</NAME>
    <LONG>148.2233675</LONG>
    <LAT>-28.58263378</LAT>
  </STATION>
  <STATION>
    <NAME>DUNWICH</NAME>
    <LONG>153.4087166</LONG>
    <LAT>-27.49752858</LAT>
  </STATION>
  <STATION>
    <NAME>DURACK</NAME>
    <LONG>152.9855777</LONG>
    <LAT>-27.58720545</LAT>
  </STATION>
  <STATION>
    <NAME>DYSART</NAME>
    <LONG>148.3482142</LONG>
    <LAT>-22.5899565</LAT>
  </STATION>
  <STATION>
    <NAME>EATONS HILL</NAME>
    <LONG>152.9603611</LONG>
    <LAT>-27.33647763</LAT>
  </STATION>
  <STATION>
    <NAME>EIDSVOLD</NAME>
    <LONG>151.121659</LONG>
    <LAT>-25.37144494</LAT>
  </STATION>
  <STATION>
    <NAME>EL ARISH</NAME>
    <LONG>146.0037569</LONG>
    <LAT>-17.80559601</LAT>
  </STATION>
  <STATION>
    <NAME>ELLIOTT HEADS</NAME>
    <LONG>152.4885389</LONG>
    <LAT>-24.90887994</LAT>
  </STATION>
  <STATION>
    <NAME>EMERALD</NAME>
    <LONG>148.1725094</LONG>
    <LAT>-23.54447554</LAT>
  </STATION>
  <STATION>
    <NAME>ENOGGERA</NAME>
    <LONG>152.9888173</LONG>
    <LAT>-27.42545741</LAT>
  </STATION>
  <STATION>
    <NAME>ESK</NAME>
    <LONG>152.4204097</LONG>
    <LAT>-27.24070394</LAT>
  </STATION>
  <STATION>
    <NAME>FOREST HILL</NAME>
    <LONG>152.3563461</LONG>
    <LAT>-27.58876863</LAT>
  </STATION>
  <STATION>
    <NAME>GATTON</NAME>
    <LONG>152.2786296</LONG>
    <LAT>-27.55769224</LAT>
  </STATION>
  <STATION>
    <NAME>GAYNDAH</NAME>
    <LONG>151.6093394</LONG>
    <LAT>-25.62595916</LAT>
  </STATION>
  <STATION>
    <NAME>GIN GIN</NAME>
    <LONG>151.9546382</LONG>
    <LAT>-24.98910419</LAT>
  </STATION>
  <STATION>
    <NAME>GOOMERI</NAME>
    <LONG>152.0673112</LONG>
    <LAT>-26.18131205</LAT>
  </STATION>
  <STATION>
    <NAME>GOONDIWINDI</NAME>
    <LONG>150.3125492</LONG>
    <LAT>-28.54746218</LAT>
  </STATION>
  <STATION>
    <NAME>GORDONVALE</NAME>
    <LONG>145.7750024</LONG>
    <LAT>-17.10685693</LAT>
  </STATION>
  <STATION>
    <NAME>HELENSVALE</NAME>
    <LONG>153.3372937</LONG>
    <LAT>-27.92139146</LAT>
  </STATION>
  <STATION>
    <NAME>HELIDON</NAME>
    <LONG>152.1232258</LONG>
    <LAT>-27.55068461</LAT>
  </STATION>
  <STATION>
    <NAME>HENDRA</NAME>
    <LONG>153.0748563</LONG>
    <LAT>-27.41524909</LAT>
  </STATION>
  <STATION>
    <NAME>HERBERTON</NAME>
    <LONG>145.3845957</LONG>
    <LAT>-17.38313312</LAT>
  </STATION>
  <STATION>
    <NAME>HOLLYWELL</NAME>
    <LONG>153.3987472</LONG>
    <LAT>-27.89535851</LAT>
  </STATION>
  <STATION>
    <NAME>INGLEWOOD</NAME>
    <LONG>151.0826182</LONG>
    <LAT>-28.41377859</LAT>
  </STATION>
  <STATION>
    <NAME>INJUNE</NAME>
    <LONG>148.5629661</LONG>
    <LAT>-25.84537641</LAT>
  </STATION>
  <STATION>
    <NAME>INNISFAIL</NAME>
    <LONG>146.030865</LONG>
    <LAT>-17.52162878</LAT>
  </STATION>
  <STATION>
    <NAME>JANDOWAE</NAME>
    <LONG>151.1106218</LONG>
    <LAT>-26.78174784</LAT>
  </STATION>
  <STATION>
    <NAME>JIMBOOMBA</NAME>
    <LONG>153.0250499</LONG>
    <LAT>-27.82908431</LAT>
  </STATION>
  <STATION>
    <NAME>KARANA DOWNS</NAME>
    <LONG>152.8069198</LONG>
    <LAT>-27.55227013</LAT>
  </STATION>
  <STATION>
    <NAME>KEMP PLACE</NAME>
    <LONG>153.0357795</LONG>
    <LAT>-27.46061736</LAT>
  </STATION>
  <STATION>
    <NAME>KILCOY</NAME>
    <LONG>152.5650043</LONG>
    <LAT>-26.94127791</LAT>
  </STATION>
  <STATION>
    <NAME>KILKIVAN</NAME>
    <LONG>152.2407173</LONG>
    <LAT>-26.08591513</LAT>
  </STATION>
  <STATION>
    <NAME>KILLARNEY</NAME>
    <LONG>152.2970398</LONG>
    <LAT>-28.33291514</LAT>
  </STATION>
  <STATION>
    <NAME>KINGAROY</NAME>
    <LONG>151.8394319</LONG>
    <LAT>-26.53696788</LAT>
  </STATION>
  <STATION>
    <NAME>KIPPA RING</NAME>
    <LONG>153.087876</LONG>
    <LAT>-27.21928969</LAT>
  </STATION>
  <STATION>
    <NAME>KUMBIA</NAME>
    <LONG>151.6518465</LONG>
    <LAT>-26.69170457</LAT>
  </STATION>
  <STATION>
    <NAME>KURANDA</NAME>
    <LONG>145.634291</LONG>
    <LAT>-16.82069458</LAT>
  </STATION>
  <STATION>
    <NAME>KURRIMINE BEACH</NAME>
    <LONG>146.1014099</LONG>
    <LAT>-17.77339799</LAT>
  </STATION>
  <STATION>
    <NAME>LAIDLEY</NAME>
    <LONG>152.3975483</LONG>
    <LAT>-27.63176221</LAT>
  </STATION>
  <STATION>
    <NAME>LOGANLEA</NAME>
    <LONG>153.1214609</LONG>
    <LAT>-27.68248468</LAT>
  </STATION>
  <STATION>
    <NAME>LONGREACH</NAME>
    <LONG>144.247923</LONG>
    <LAT>-23.44418204</LAT>
  </STATION>
  <STATION>
    <NAME>LOWOOD</NAME>
    <LONG>152.5813801</LONG>
    <LAT>-27.46065612</LAT>
  </STATION>
  <STATION>
    <NAME>MACKAY</NAME>
    <LONG>149.1862262</LONG>
    <LAT>-21.14582952</LAT>
  </STATION>
  <STATION>
    <NAME>MALANDA</NAME>
    <LONG>145.5954027</LONG>
    <LAT>-17.35302162</LAT>
  </STATION>
  <STATION>
    <NAME>MARBURG</NAME>
    <LONG>152.5956852</LONG>
    <LAT>-27.56570545</LAT>
  </STATION>
  <STATION>
    <NAME>MAREEBA</NAME>
    <LONG>145.4255681</LONG>
    <LAT>-17.0111626</LAT>
  </STATION>
  <STATION>
    <NAME>MARYBOROUGH</NAME>
    <LONG>152.6984427</LONG>
    <LAT>-25.54027698</LAT>
  </STATION>
  <STATION>
    <NAME>MEANDARRA</NAME>
    <LONG>149.8806522</LONG>
    <LAT>-27.32315486</LAT>
  </STATION>
  <STATION>
    <NAME>MIDDLEMOUNT</NAME>
    <LONG>148.7024058</LONG>
    <LAT>-22.80808595</LAT>
  </STATION>
  <STATION>
    <NAME>MILES</NAME>
    <LONG>150.1874205</LONG>
    <LAT>-26.65873857</LAT>
  </STATION>
  <STATION>
    <NAME>MILLAA MILLAA</NAME>
    <LONG>145.6128904</LONG>
    <LAT>-17.51186716</LAT>
  </STATION>
  <STATION>
    <NAME>MILLMERRAN</NAME>
    <LONG>151.2685377</LONG>
    <LAT>-27.87373503</LAT>
  </STATION>
  <STATION>
    <NAME>MISSION BEACH</NAME>
    <LONG>146.0921726</LONG>
    <LAT>-17.904753</LAT>
  </STATION>
  <STATION>
    <NAME>MITCHELL</NAME>
    <LONG>147.9775117</LONG>
    <LAT>-26.48617891</LAT>
  </STATION>
  <STATION>
    <NAME>MONTO</NAME>
    <LONG>151.1231105</LONG>
    <LAT>-24.86563143</LAT>
  </STATION>
  <STATION>
    <NAME>MORANBAH</NAME>
    <LONG>148.0451974</LONG>
    <LAT>-22.00070175</LAT>
  </STATION>
  <STATION>
    <NAME>MORVEN</NAME>
    <LONG>147.1124921</LONG>
    <LAT>-26.41623759</LAT>
  </STATION>
  <STATION>
    <NAME>MOSSMAN</NAME>
    <LONG>145.3768427</LONG>
    <LAT>-16.48519904</LAT>
  </STATION>
  <STATION>
    <NAME>MOUNT OMMANEY</NAME>
    <LONG>152.9364322</LONG>
    <LAT>-27.54806964</LAT>
  </STATION>
  <STATION>
    <NAME>MUNDUBBERA</NAME>
    <LONG>151.3017691</LONG>
    <LAT>-25.59073323</LAT>
  </STATION>
  <STATION>
    <NAME>MURGON</NAME>
    <LONG>151.940546</LONG>
    <LAT>-26.24318548</LAT>
  </STATION>
  <STATION>
    <NAME>NANANGO</NAME>
    <LONG>151.9986184</LONG>
    <LAT>-26.67249376</LAT>
  </STATION>
  <STATION>
    <NAME>NERANG</NAME>
    <LONG>153.3251715</LONG>
    <LAT>-27.99304401</LAT>
  </STATION>
  <STATION>
    <NAME>NORTH MACKAY</NAME>
    <LONG>149.166081</LONG>
    <LAT>-21.09971904</LAT>
  </STATION>
  <STATION>
    <NAME>PETRIE</NAME>
    <LONG>152.9787205</LONG>
    <LAT>-27.26871557</LAT>
  </STATION>
  <STATION>
    <NAME>POINT LOOKOUT</NAME>
    <LONG>153.5199925</LONG>
    <LAT>-27.42645761</LAT>
  </STATION>
  <STATION>
    <NAME>PORT DOUGLAS</NAME>
    <LONG>145.4631462</LONG>
    <LAT>-16.49908489</LAT>
  </STATION>
  <STATION>
    <NAME>PROSERPINE</NAME>
    <LONG>148.5840727</LONG>
    <LAT>-20.40246705</LAT>
  </STATION>
  <STATION>
    <NAME>PROSTON</NAME>
    <LONG>151.6030535</LONG>
    <LAT>-26.16466456</LAT>
  </STATION>
  <STATION>
    <NAME>PULLENVALE</NAME>
    <LONG>152.921518</LONG>
    <LAT>-27.52141927</LAT>
  </STATION>
  <STATION>
    <NAME>QUILPIE</NAME>
    <LONG>144.2670899</LONG>
    <LAT>-26.61940688</LAT>
  </STATION>
  <STATION>
    <NAME>RAINBOW BEACH</NAME>
    <LONG>153.0907151</LONG>
    <LAT>-25.9054091</LAT>
  </STATION>
  <STATION>
    <NAME>RAVENSHOE</NAME>
    <LONG>145.4869307</LONG>
    <LAT>-17.60963594</LAT>
  </STATION>
  <STATION>
    <NAME>REDLAND BAY</NAME>
    <LONG>153.2890479</LONG>
    <LAT>-27.61089735</LAT>
  </STATION>
  <STATION>
    <NAME>ROBINA</NAME>
    <LONG>153.3775191</LONG>
    <LAT>-28.07564372</LAT>
  </STATION>
  <STATION>
    <NAME>ROCKLEA</NAME>
    <LONG>153.0070191</LONG>
    <LAT>-27.54148907</LAT>
  </STATION>
  <STATION>
    <NAME>ROMA</NAME>
    <LONG>148.7925683</LONG>
    <LAT>-26.57180256</LAT>
  </STATION>
  <STATION>
    <NAME>ROMA STREET</NAME>
    <LONG>153.0153914</LONG>
    <LAT>-27.46581599</LAT>
  </STATION>
  <STATION>
    <NAME>ROSEWOOD</NAME>
    <LONG>152.5912767</LONG>
    <LAT>-27.63782754</LAT>
  </STATION>
  <STATION>
    <NAME>SANDGATE</NAME>
    <LONG>153.0664122</LONG>
    <LAT>-27.31650128</LAT>
  </STATION>
  <STATION>
    <NAME>SARINA</NAME>
    <LONG>149.2140672</LONG>
    <LAT>-21.42073752</LAT>
  </STATION>
  <STATION>
    <NAME>SMITHFIELD</NAME>
    <LONG>145.6946642</LONG>
    <LAT>-16.83272456</LAT>
  </STATION>
  <STATION>
    <NAME>SOUTHPORT</NAME>
    <LONG>153.3958195</LONG>
    <LAT>-27.97487062</LAT>
  </STATION>
  <STATION>
    <NAME>SPRINGSURE</NAME>
    <LONG>148.0902743</LONG>
    <LAT>-24.11744873</LAT>
  </STATION>
  <STATION>
    <NAME>ST GEORGE</NAME>
    <LONG>148.5826095</LONG>
    <LAT>-28.03692277</LAT>
  </STATION>
  <STATION>
    <NAME>STANTHORPE</NAME>
    <LONG>151.9346513</LONG>
    <LAT>-28.65418338</LAT>
  </STATION>
  <STATION>
    <NAME>SURAT</NAME>
    <LONG>149.0675795</LONG>
    <LAT>-27.15657365</LAT>
  </STATION>
  <STATION>
    <NAME>SURFERS PARADISE</NAME>
    <LONG>153.4288069</LONG>
    <LAT>-28.01915952</LAT>
  </STATION>
  <STATION>
    <NAME>TAIGUM</NAME>
    <LONG>153.0465131</LONG>
    <LAT>-27.35100556</LAT>
  </STATION>
  <STATION>
    <NAME>TARA</NAME>
    <LONG>150.4598608</LONG>
    <LAT>-27.27825861</LAT>
  </STATION>
  <STATION>
    <NAME>TAROOM</NAME>
    <LONG>149.7962965</LONG>
    <LAT>-25.63998879</LAT>
  </STATION>
  <STATION>
    <NAME>TEXAS</NAME>
    <LONG>151.1675517</LONG>
    <LAT>-28.85254725</LAT>
  </STATION>
  <STATION>
    <NAME>THURSDAY ISLAND</NAME>
    <LONG>142.2222782</LONG>
    <LAT>-10.57705631</LAT>
  </STATION>
  <STATION>
    <NAME>TIERI</NAME>
    <LONG>148.3449086</LONG>
    <LAT>-23.0377733</LAT>
  </STATION>
  <STATION>
    <NAME>TIN CAN BAY</NAME>
    <LONG>152.9953663</LONG>
    <LAT>-25.92627134</LAT>
  </STATION>
  <STATION>
    <NAME>TOOGOOLAWAH</NAME>
    <LONG>152.3778664</LONG>
    <LAT>-27.08672664</LAT>
  </STATION>
  <STATION>
    <NAME>TORQUAY</NAME>
    <LONG>152.865613</LONG>
    <LAT>-25.28714598</LAT>
  </STATION>
  <STATION>
    <NAME>TULLY</NAME>
    <LONG>145.9283888</LONG>
    <LAT>-17.93320229</LAT>
  </STATION>
  <STATION>
    <NAME>WALKERSTON</NAME>
    <LONG>149.0685453</LONG>
    <LAT>-21.16109373</LAT>
  </STATION>
  <STATION>
    <NAME>WALLANGARRA</NAME>
    <LONG>151.9308721</LONG>
    <LAT>-28.92035935</LAT>
  </STATION>
  <STATION>
    <NAME>WALLAVILLE</NAME>
    <LONG>151.9950366</LONG>
    <LAT>-25.07498379</LAT>
  </STATION>
  <STATION>
    <NAME>WANDOAN</NAME>
    <LONG>149.9609315</LONG>
    <LAT>-26.11821204</LAT>
  </STATION>
  <STATION>
    <NAME>WARWICK</NAME>
    <LONG>152.0369984</LONG>
    <LAT>-28.21577058</LAT>
  </STATION>
  <STATION>
    <NAME>WEST LOGAN</NAME>
    <LONG>153.030174</LONG>
    <LAT>-27.67815994</LAT>
  </STATION>
  <STATION>
    <NAME>WINDSOR</NAME>
    <LONG>153.0331964</LONG>
    <LAT>-27.42771528</LAT>
  </STATION>
  <STATION>
    <NAME>WINTON</NAME>
    <LONG>143.038337</LONG>
    <LAT>-22.38723939</LAT>
  </STATION>
  <STATION>
    <NAME>WISHART</NAME>
    <LONG>153.0906699</LONG>
    <LAT>-27.55507713</LAT>
  </STATION>
  <STATION>
    <NAME>WONDAI</NAME>
    <LONG>151.8730166</LONG>
    <LAT>-26.31925329</LAT>
  </STATION>
  <STATION>
    <NAME>WOODFORD</NAME>
    <LONG>152.7803739</LONG>
    <LAT>-26.96345386</LAT>
  </STATION>
  <STATION>
    <NAME>WOODRIDGE</NAME>
    <LONG>153.11694</LONG>
    <LAT>-27.6268239</LAT>
  </STATION>
  <STATION>
    <NAME>WOOROOLIN</NAME>
    <LONG>151.8152368</LONG>
    <LAT>-26.40983763</LAT>
  </STATION>
  <STATION>
    <NAME>WYNNUM</NAME>
    <LONG>153.1533758</LONG>
    <LAT>-27.4562181</LAT>
  </STATION>
  <STATION>
    <NAME>YARRAMAN</NAME>
    <LONG>151.9827282</LONG>
    <LAT>-26.84151205</LAT>
  </STATION>
  <STATION>
    <NAME>YUNGABURRA</NAME>
    <LONG>145.5846603</LONG>
    <LAT>-17.27083221</LAT>
  </STATION>
  <STATION>
    <NAME>AGNES WATER</NAME>
    <LONG>151.8932958</LONG>
    <LAT>-24.21997325</LAT>
  </STATION>
  <STATION>
    <NAME>ANZAC AVENUE</NAME>
    <LONG>151.9240748</LONG>
    <LAT>-27.57181009</LAT>
  </STATION>
  <STATION>
    <NAME>AYR</NAME>
    <LONG>147.409658</LONG>
    <LAT>-19.57162472</LAT>
  </STATION>
  <STATION>
    <NAME>BARALABA</NAME>
    <LONG>149.8112691</LONG>
    <LAT>-24.18248836</LAT>
  </STATION>
  <STATION>
    <NAME>BEAUDESERT</NAME>
    <LONG>152.9965841</LONG>
    <LAT>-27.98996102</LAT>
  </STATION>
  <STATION>
    <NAME>BEERWAH</NAME>
    <LONG>152.9592854</LONG>
    <LAT>-26.85524428</LAT>
  </STATION>
  <STATION>
    <NAME>BILOELA</NAME>
    <LONG>150.5039048</LONG>
    <LAT>-24.39244413</LAT>
  </STATION>
  <STATION>
    <NAME>BOONAH</NAME>
    <LONG>152.6811617</LONG>
    <LAT>-27.99640322</LAT>
  </STATION>
  <STATION>
    <NAME>BOULIA</NAME>
    <LONG>139.9118457</LONG>
    <LAT>-22.90788177</LAT>
  </STATION>
  <STATION>
    <NAME>BOWEN</NAME>
    <LONG>148.2407011</LONG>
    <LAT>-20.01320327</LAT>
  </STATION>
  <STATION>
    <NAME>BOYNE ISLAND</NAME>
    <LONG>151.3529525</LONG>
    <LAT>-23.94690991</LAT>
  </STATION>
  <STATION>
    <NAME>BUDERIM</NAME>
    <LONG>153.0507457</LONG>
    <LAT>-26.68498665</LAT>
  </STATION>
  <STATION>
    <NAME>CALLIOPE</NAME>
    <LONG>151.2005219</LONG>
    <LAT>-24.00548792</LAT>
  </STATION>
  <STATION>
    <NAME>CALOUNDRA</NAME>
    <LONG>153.1179602</LONG>
    <LAT>-26.79554422</LAT>
  </STATION>
  <STATION>
    <NAME>CANUNGRA</NAME>
    <LONG>153.1658348</LONG>
    <LAT>-28.01722872</LAT>
  </STATION>
  <STATION>
    <NAME>CHARTERS TOWERS</NAME>
    <LONG>146.2653035</LONG>
    <LAT>-20.07729123</LAT>
  </STATION>
  <STATION>
    <NAME>CLONCURRY</NAME>
    <LONG>140.5059904</LONG>
    <LAT>-20.70597908</LAT>
  </STATION>
  <STATION>
    <NAME>COLLINSVILLE</NAME>
    <LONG>147.8421299</LONG>
    <LAT>-20.55265436</LAT>
  </STATION>
  <STATION>
    <NAME>COOLUM</NAME>
    <LONG>153.0871345</LONG>
    <LAT>-26.52885362</LAT>
  </STATION>
  <STATION>
    <NAME>COORAN</NAME>
    <LONG>152.8336547</LONG>
    <LAT>-26.3366388</LAT>
  </STATION>
  <STATION>
    <NAME>COOROY</NAME>
    <LONG>152.9107759</LONG>
    <LAT>-26.42036912</LAT>
  </STATION>
  <STATION>
    <NAME>CRAIGNISH</NAME>
    <LONG>152.7268288</LONG>
    <LAT>-25.28190987</LAT>
  </STATION>
  <STATION>
    <NAME>CROWS NEST</NAME>
    <LONG>152.056564</LONG>
    <LAT>-27.26239546</LAT>
  </STATION>
  <STATION>
    <NAME>EMU PARK</NAME>
    <LONG>150.8200893</LONG>
    <LAT>-23.26646516</LAT>
  </STATION>
  <STATION>
    <NAME>FORREST BEACH</NAME>
    <LONG>146.2972873</LONG>
    <LAT>-18.70762038</LAT>
  </STATION>
  <STATION>
    <NAME>GIRU</NAME>
    <LONG>147.1068986</LONG>
    <LAT>-19.51356573</LAT>
  </STATION>
  <STATION>
    <NAME>GLADSTONE</NAME>
    <LONG>151.2495536</LONG>
    <LAT>-23.85841774</LAT>
  </STATION>
  <STATION>
    <NAME>GLENDEN</NAME>
    <LONG>148.1186018</LONG>
    <LAT>-21.35791931</LAT>
  </STATION>
  <STATION>
    <NAME>GOOMBUNGEE</NAME>
    <LONG>151.8487233</LONG>
    <LAT>-27.31502554</LAT>
  </STATION>
  <STATION>
    <NAME>GRACEMERE</NAME>
    <LONG>150.4561656</LONG>
    <LAT>-23.44399771</LAT>
  </STATION>
  <STATION>
    <NAME>GYMPIE</NAME>
    <LONG>152.6681934</LONG>
    <LAT>-26.19191403</LAT>
  </STATION>
  <STATION>
    <NAME>HALIFAX</NAME>
    <LONG>146.2865198</LONG>
    <LAT>-18.5844283</LAT>
  </STATION>
  <STATION>
    <NAME>HARRISVILLE</NAME>
    <LONG>152.6681633</LONG>
    <LAT>-27.81100102</LAT>
  </STATION>
  <STATION>
    <NAME>HIGHFIELDS</NAME>
    <LONG>151.9473409</LONG>
    <LAT>-27.45100951</LAT>
  </STATION>
  <STATION>
    <NAME>HOME HILL</NAME>
    <LONG>147.4160428</LONG>
    <LAT>-19.66095759</LAT>
  </STATION>
  <STATION>
    <NAME>HUGHENDEN</NAME>
    <LONG>144.1936734</LONG>
    <LAT>-20.85025666</LAT>
  </STATION>
  <STATION>
    <NAME>IMBIL</NAME>
    <LONG>152.6765032</LONG>
    <LAT>-26.45910187</LAT>
  </STATION>
  <STATION>
    <NAME>INGHAM</NAME>
    <LONG>146.1625412</LONG>
    <LAT>-18.64960109</LAT>
  </STATION>
  <STATION>
    <NAME>JULIA CREEK</NAME>
    <LONG>141.7429582</LONG>
    <LAT>-20.65761983</LAT>
  </STATION>
  <STATION>
    <NAME>KALBAR</NAME>
    <LONG>152.6238328</LONG>
    <LAT>-27.94077016</LAT>
  </STATION>
  <STATION>
    <NAME>KAWANA</NAME>
    <LONG>153.1291426</LONG>
    <LAT>-26.72109237</LAT>
  </STATION>
  <STATION>
    <NAME>KENILWORTH</NAME>
    <LONG>152.7266843</LONG>
    <LAT>-26.59465369</LAT>
  </STATION>
  <STATION>
    <NAME>KIRWAN</NAME>
    <LONG>146.7312239</LONG>
    <LAT>-19.30938633</LAT>
  </STATION>
  <STATION>
    <NAME>KOORALBYN</NAME>
    <LONG>152.8420551</LONG>
    <LAT>-28.08572305</LAT>
  </STATION>
  <STATION>
    <NAME>MAGNETIC ISLAND</NAME>
    <LONG>146.8454179</LONG>
    <LAT>-19.15635761</LAT>
  </STATION>
  <STATION>
    <NAME>MALENY</NAME>
    <LONG>152.8557323</LONG>
    <LAT>-26.76526328</LAT>
  </STATION>
  <STATION>
    <NAME>MAROOCHYDORE</NAME>
    <LONG>153.0651204</LONG>
    <LAT>-26.66258524</LAT>
  </STATION>
  <STATION>
    <NAME>MIRIAM VALE</NAME>
    <LONG>151.5549479</LONG>
    <LAT>-24.32693587</LAT>
  </STATION>
  <STATION>
    <NAME>MOOLOOLAH</NAME>
    <LONG>152.9586496</LONG>
    <LAT>-26.76582855</LAT>
  </STATION>
  <STATION>
    <NAME>MOUNT ISA</NAME>
    <LONG>139.4900419</LONG>
    <LAT>-20.72369884</LAT>
  </STATION>
  <STATION>
    <NAME>MOUNT MORGAN</NAME>
    <LONG>150.3865882</LONG>
    <LAT>-23.64575263</LAT>
  </STATION>
  <STATION>
    <NAME>MOUNT TAMBORINE</NAME>
    <LONG>153.1804291</LONG>
    <LAT>-27.93639522</LAT>
  </STATION>
  <STATION>
    <NAME>MOURA</NAME>
    <LONG>149.9745901</LONG>
    <LAT>-24.57053091</LAT>
  </STATION>
  <STATION>
    <NAME>NAMBOUR</NAME>
    <LONG>152.9720402</LONG>
    <LAT>-26.61687842</LAT>
  </STATION>
  <STATION>
    <NAME>NOOSA HEADS</NAME>
    <LONG>153.0904563</LONG>
    <LAT>-26.40805568</LAT>
  </STATION>
  <STATION>
    <NAME>NORTH ROCKHAMPTON</NAME>
    <LONG>150.5158143</LONG>
    <LAT>-23.31450224</LAT>
  </STATION>
  <STATION>
    <NAME>OAKEY</NAME>
    <LONG>151.7222976</LONG>
    <LAT>-27.43348112</LAT>
  </STATION>
  <STATION>
    <NAME>PITTSWORTH</NAME>
    <LONG>151.6272387</LONG>
    <LAT>-27.71414379</LAT>
  </STATION>
  <STATION>
    <NAME>POMONA</NAME>
    <LONG>152.8546489</LONG>
    <LAT>-26.36533214</LAT>
  </STATION>
  <STATION>
    <NAME>RATHDOWNEY</NAME>
    <LONG>152.8652336</LONG>
    <LAT>-28.21080313</LAT>
  </STATION>
  <STATION>
    <NAME>RICHMOND</NAME>
    <LONG>143.1407995</LONG>
    <LAT>-20.72771914</LAT>
  </STATION>
  <STATION>
    <NAME>RIPLEY</NAME>
    <LONG>152.779816</LONG>
    <LAT>-27.65929346</LAT>
  </STATION>
  <STATION>
    <NAME>ROCKHAMPTON</NAME>
    <LONG>150.5082426</LONG>
    <LAT>-23.37949558</LAT>
  </STATION>
  <STATION>
    <NAME>TARINGA</NAME>
    <LONG>152.9871075</LONG>
    <LAT>-27.49136835</LAT>
  </STATION>
  <STATION>
    <NAME>TEWANTIN</NAME>
    <LONG>153.0438391</LONG>
    <LAT>-26.39632269</LAT>
  </STATION>
  <STATION>
    <NAME>THANGOOL</NAME>
    <LONG>150.5745951</LONG>
    <LAT>-24.48782261</LAT>
  </STATION>
  <STATION>
    <NAME>THEODORE</NAME>
    <LONG>150.0765695</LONG>
    <LAT>-24.94791743</LAT>
  </STATION>
  <STATION>
    <NAME>TOOWOOMBA</NAME>
    <LONG>151.9598973</LONG>
    <LAT>-27.56438827</LAT>
  </STATION>
  <STATION>
    <NAME>TOWNSVILLE</NAME>
    <LONG>146.8205886</LONG>
    <LAT>-19.26319589</LAT>
  </STATION>
  <STATION>
    <NAME>WOODLANDS</NAME>
    <LONG>146.7095468</LONG>
    <LAT>-19.26469604</LAT>
  </STATION>
  <STATION>
    <NAME>WULGURU</NAME>
    <LONG>146.8143786</LONG>
    <LAT>-19.3196175</LAT>
  </STATION>
  <STATION>
    <NAME>YELARBON</NAME>
    <LONG>150.75411</LONG>
    <LAT>-28.57230037</LAT>
  </STATION>
  <STATION>
    <NAME>YEPPOON</NAME>
    <LONG>150.737121</LONG>
    <LAT>-23.1406659</LAT>
  </STATION>
</root>